total 34880
drwxr-xr-x. 6 dan dan     4096 Dec  5 17:20 .
drwxr-xr-x. 3 dan dan     4096 Dec  5 17:20 ..
-rw-rw----. 1 dan dan     8192 Dec  5 17:20 aria_log.00000001
-rw-rw----. 1 dan dan       52 Dec  5 17:20 aria_log_control
-rw-r--r--. 1 dan dan      961 Dec  5 17:20 ib_buffer_pool
-rw-r--r--. 1 dan dan  5242880 Dec  5 17:20 ib_logfile0
-rw-r--r--. 1 dan dan  5242880 Dec  5 17:20 ib_logfile1
-rw-r--r--. 1 dan dan 12582912 Dec  5 17:20 ibdata1
-rw-rw----. 1 dan dan 12582912 Dec  5 17:20 ibtmp1
drwxr-xr-x. 2 dan dan     4096 Dec  5 17:20 mtr
-rw-rw----. 1 dan dan        0 Dec  5 17:20 multi-master.info
drwxr-xr-x. 2 dan dan     4096 Dec  5 17:20 mysql
drwxr-xr-x. 2 dan dan     4096 Dec  5 17:20 performance_schema
-rw-rw----. 1 dan dan    24576 Dec  5 17:20 tc.log
drwxr-xr-x. 2 dan dan     4096 Dec  5 17:20 test
SET GLOBAL innodb_buffer_pool_dump_pct=1, global innodb_buffer_pool_dump_at_shutdown=1;
CREATE TABLE t1 (
c01 blob, c02 blob, c03 blob, c04 blob, c05 blob,
c06 blob, c07 blob, c08 blob, c09 blob, c10 blob,
c11 blob, c12 blob, c13 blob, c14 blob, c15 blob,
c16 blob, c17 blob, c18 blob, c19 blob, c20 blob,
c21 blob, c22 blob, c23 blob, c24 blob, c25 blob,
c26 blob, c27 blob, c28 blob, c29 blob, c30 blob,
c31 blob, c32 blob, c33 blob, c34 blob, c35 blob,
c36 blob, c37 blob, c38 blob, c39 blob, c40 blob,
c41 blob, c42 blob, c43 blob, c44 blob, c45 blob,
c46 blob, c47 blob, c48 blob, c49 blob, c50 blob,
c51 blob, c52 blob, c53 blob, c54 blob, c55 blob,
c56 blob, c57 blob, c58 blob, c59 blob, c60 blob,
c61 blob, c62 blob, c63 blob, c64 blob, c65 blob,
c66 blob, c67 blob, c68 blob, c69 blob, c70 blob,
c71 blob, c72 blob, c73 blob, c74 blob, c75 blob,
c76 blob, c77 blob, c78 blob, c79 blob, c80 blob
) ROW_FORMAT=dynamic;
SET @a = repeat('a', 65535);
INSERT INTO t1 VALUES (@a,@a,@a,@a,@a,
@a,@a,@a,@a,@a,
@a,@a,@a,@a,@a,
@a,@a,@a,@a,@a,
@a,@a,@a,@a,@a,
@a,@a,@a,@a,@a,
@a,@a,@a,@a,@a,
@a,@a,@a,@a,@a,
@a,@a,@a,@a,@a,
@a,@a,@a,@a,@a,
@a,@a,@a,@a,@a,
@a,@a,@a,@a,@a,
@a,@a,@a,@a,@a,
@a,@a,@a,@a,@a,
@a,@a,@a,@a,@a,
@a,@a,@a,@a,@a
);
insert into t1 select * from t1;
insert into t1 select * from t1;
insert into t1 select * from t1;
insert into t1 select * from t1;
insert into t1 select * from t1;
insert into t1 select * from t1;
update t1 set c01=c80, c80=c01;
# Before Shutdown
SHOW GLOBAL STATUS LIKE 'innodb_buffer_pool_pages_%';
Variable_name	Value
Innodb_buffer_pool_pages_data	167
Innodb_buffer_pool_pages_dirty	0
Innodb_buffer_pool_pages_flushed	0
Innodb_buffer_pool_pages_free	345
Innodb_buffer_pool_pages_misc	0
Innodb_buffer_pool_pages_total	512
SELECT variable_value
FROM information_schema.global_status
WHERE LOWER(variable_name) = 'innodb_buffer_pool_pages_data';
variable_value
167
# Stop server
# Restart server.
# After load
SELECT variable_value
FROM information_schema.global_status
WHERE LOWER(variable_name) = 'innodb_buffer_pool_pages_data';
variable_value
167
SHOW GLOBAL STATUS LIKE 'innodb_buffer_pool_pages_%';
Variable_name	Value
Innodb_buffer_pool_pages_data	167
Innodb_buffer_pool_pages_dirty	0
Innodb_buffer_pool_pages_flushed	0
Innodb_buffer_pool_pages_free	345
Innodb_buffer_pool_pages_misc	0
Innodb_buffer_pool_pages_total	512
total 34888
drwxr-xr-x. 6 dan dan     4096 Dec  5 17:20 .
drwxr-xr-x. 3 dan dan     4096 Dec  5 17:20 ..
-rw-rw----. 1 dan dan    16384 Dec  5 17:20 aria_log.00000001
-rw-rw----. 1 dan dan       52 Dec  5 17:20 aria_log_control
-rw-rw----. 1 dan dan       20 Dec  5 17:20 ib_buffer_pool
-rw-r--r--. 1 dan dan  5242880 Dec  5 17:20 ib_logfile0
-rw-r--r--. 1 dan dan  5242880 Dec  5 17:20 ib_logfile1
-rw-r--r--. 1 dan dan 12582912 Dec  5 17:20 ibdata1
-rw-rw----. 1 dan dan 12582912 Dec  5 17:20 ibtmp1
drwxr-xr-x. 2 dan dan     4096 Dec  5 17:20 mtr
-rw-rw----. 1 dan dan        0 Dec  5 17:20 multi-master.info
drwxr-xr-x. 2 dan dan     4096 Dec  5 17:20 mysql
drwxr-xr-x. 2 dan dan     4096 Dec  5 17:20 performance_schema
-rw-rw----. 1 dan dan    24576 Dec  5 17:20 tc.log
drwxr-xr-x. 2 dan dan     4096 Dec  5 17:20 test
DROP TABLE t1;
